{
    "train_loss": [
        0.6504191349853169,
        0.58901685340838,
        0.5463017401370135,
        0.5545174696228721,
        0.518999537283724,
        0.4974339157342911,
        0.4832685467871753,
        0.46881397474895825,
        0.4585032584992322,
        0.4419459632851861
    ],
    "val_loss": [
        0.5997410953044892,
        0.5636179625988007,
        0.5558861792087555,
        0.5176720291376113,
        0.5144434750080109,
        0.5640483796596527,
        0.5871161609888077,
        0.5000089645385742,
        0.5789972305297851,
        0.43838209509849546
    ],
    "accuracy": [
        0.6133333329244445,
        0.6933333328711111,
        0.7066666661955556,
        0.7466666661688889,
        0.7533333328311111,
        0.7399999995066667,
        0.7066666661955556,
        0.7733333328177778,
        0.7399999995066667,
        0.8066666661288889
    ],
    "precision": [
        0.5825242712791027,
        0.6559139777893398,
        0.7540983594195109,
        0.6907216487724519,
        0.7021276588275238,
        0.7812499987792969,
        0.6504854362616647,
        0.7469879509072435,
        0.8333333317901235,
        0.8285714273877551
    ],
    "recall": [
        0.7999999989333334,
        0.8133333322488889,
        0.6133333325155556,
        0.8933333321422223,
        0.8799999988266667,
        0.6666666657777778,
        0.8933333321422223,
        0.8266666655644445,
        0.5999999992,
        0.7733333323022222
    ]
}