{
    "accuracy": 0.6883116883116883,
    "precision": 0.6464646464646465,
    "recall": 0.8311688311688312,
    "f1_score": 0.7272727272727273,
    "report": {
        "ai_generated": {
            "precision": 0.7636363636363637,
            "recall": 0.5454545454545454,
            "f1-score": 0.6363636363636364,
            "support": 77.0
        },
        "real": {
            "precision": 0.6464646464646465,
            "recall": 0.8311688311688312,
            "f1-score": 0.7272727272727273,
            "support": 77.0
        },
        "accuracy": 0.6883116883116883,
        "macro avg": {
            "precision": 0.7050505050505051,
            "recall": 0.6883116883116883,
            "f1-score": 0.6818181818181819,
            "support": 154.0
        },
        "weighted avg": {
            "precision": 0.705050505050505,
            "recall": 0.6883116883116883,
            "f1-score": 0.6818181818181818,
            "support": 154.0
        }
    }
}